SYNTAX	DESCRIPTION	CLASS	TYPE	GROUP	CATEGORY	KEYWORDS
⊢y	Same: y	Primitive	Monadic Function		Identity	dex righttack sameright default
x⊢y	Right: y	Primitive	Dyadic Function		Identity	dex righttack sameright
x⊢y	Church Boolean false (x if false, else y)	Primitive	Dyadic Function		Boolean/Logical	falsy falsey 0
⊣y	Same: y	Primitive	Monadic Function		Identity	lev lefttack
x⊣y	Left: x	Primitive	Dyadic Function		Identity	lev lefttack sameleft defer ignore where
x⊣y	Church Boolean true (x if true, else y)	Primitive	Dyadic Function		Boolean/Logical	truthy 1
+n	Mirror complex n across x-axis	Primitive	Monadic Function		Circular/Trigonometric	greek cross conjugate negateimaginary mirroring reflecting reflection
+y	Conjugate ('Identity' if y not complex)	Primitive	Monadic Function		Mathematical	greek cross plus conj() conjugating
m+n	Add n to m	Primitive	Dyadic Function		Mathematical	greek cross plus addition
-n	Negate: 0-n	Primitive	Monadic Function		Mathematical	minus hyphen invert additiveinverse opposite dash negation signchange − negating
m-n	Subtract n from m	Primitive	Dyadic Function		Mathematical	minus dash hyphen subtraction difference −
×n	Sign (Direction, for complex n)	Primitive	Monadic Function		Mathematical	cross sgn() sign() trend
a×n	Select elements satisfying condition a, others to 0	Primitive	Dyadic Function		Boolean/Logical	zero cells items
m×n	Multiply m and n	Primitive	Dyadic Function		Mathematical	cross times multiplication ∙ ⋅ · product
a∨b	Logical OR	Primitive	Dyadic Function		Boolean/Logical	gate disjunction vel alternation Caron hacek invertedcircumflex checkmark hachek Apq
m∨n	Probabilistic OR	Primitive	Dyadic Function		Mathematical	Caron hacek invertedcircumflex checkmark hachek fuzzy probability chance disjunction vel alternation Apq
a∧b	Logical AND	Primitive	Dyadic Function		Boolean/Logical	gate conjunction caret wedge hat circumflex Kpq ^
m∧n	Probabilistic AND	Primitive	Dyadic Function		Mathematical	caret wedge hat circumflex ^ fuzzy probability chance conjunction Kpq
⌈n	Round up to integer	Primitive	Monadic Function		Mathematical	upstile roundup ceiling seiling up() ceil()
m⌈n	Maximum of m and n	Primitive	Dyadic Function		Mathematical	upstile greater larger max() bigger
⌊n	Round down to integer	Primitive	Monadic Function		Mathematical	downstile rounddown down() floor()
m⌊n	Minimum of m and n	Primitive	Dyadic Function		Mathematical	downstile lesser smaller min()
⌽y	Reverse leading axis of y	Primitive	Monadic Function		Structural	circlebar rowel upsetting flipping upending upsidedown reversing dimension start beginning
⌽y2	Reflect horizontally	Primitive	Monadic Function		Structural	mirroring reflecting reflection up-down updown down-up downup
i⌽y	Rotate rows along leading axis of y	Primitive	Dyadic Function		Structural	circlebar rotating cyclically dimension lists start beginning
÷n	Reciprocal: 1÷n	Primitive	Monadic Function		Mathematical	multiplicativeinverse opposite obelus inverting reciprocating per
m÷n	Divide m by n	Primitive	Dyadic Function		Mathematical	division over ⁄ divide per
|n	Magnitude (absolute value)	Primitive	Monadic Function		Mathematical	verticalbar pipe stile stroke verticalline modulo modulus amplitude
m|n	Residue after dividing n by m	Primitive	Dyadic Function		Mathematical	verticalbar pipe stile stroke verticalline modulo modulus divisionremainder mod() divide ≢ divmod() residual
»y	Nudge: shift a fill cell into the front of y, displacing a cell from the end	Primitive	Dyadic Function		Selection	chevron french quote rightshift push
x»y	Shift before: shift major cells from x into the front of y, displacing cells from the end	Primitive	Dyadic Function		Selection	chevron french quote rightshift
«y	Nudge back: shift a fill cell into the end of y, displacing a cell from the front	Primitive	Dyadic Function		Selection	chevron french quote leftshift
x«y	Shift after: shift major cells from x into the end of y, displacing cells from the front	Primitive	Dyadic Function		Selection	chevron french quote leftshift
=y	Rank (number of dimensions) of y	Primitive	Monadic Function		Array Properties	howmanyaxes numberofaxes axiscount ⥊⥊ axes
a=b	Logical XNOR	Primitive	Dyadic Function		Boolean/Logical	gate materialbiconditional biimplication eqv nxor bothorneither exclusivenor materialequivalence ⇔ δ ẟ Kroneckerdelta iff logicalequivalence Epq doubleimplying both-or-neither
x=y	Equal To	Primitive	Dyadic Function		Comparison	sameas ===
≠x2	Number of rows in table x2	Primitive	Monadic Function		Array Properties	count tally table
≠y	Length (along first axis)	Primitive	Monadic Function		Array Properties	equalslash unequal count tally length() cells len() major cells elements dimension start beginning
a≠b	Logical XOR	Primitive	Dyadic Function		Boolean/Logical	gate exclusivedisjunction eor exor ⊕ ⊻ ⇎ Jpq
x≠y	Not Equal To	Primitive	Dyadic Function		Comparison	ne unequal differentfrom != <> /=
<y	Enclose: Unit containing y	Primitive	Monadic Function		Structural	angle boxing scalarise scalarize enclosing
a<b	Logical converse nonimplication	Primitive	Dyadic Function		Boolean/Logical	gate ⇍ Mpq cnimply
m<n	Less Than	Primitive	Dyadic Function		Comparison	lt before precedes ≺ smaller lesser
>y	Merge: Remove nesting (adding trailing axes)	Primitive	Monadic Function		Structural	pike uparrow axis dimensions delete drop ending without
>y1	List of row lists to table	Primitive	Monadic Function		Structural	pike uparrow mix table from lists into
a>b	Logical nonimplication	Primitive	Dyadic Function		Boolean/Logical	gate abjunction ⇏ not butnot Lpq nimply
m>n	Greater Than	Primitive	Dyadic Function		Comparison	gt after follows ≻ larger succeeds
a≤b	Logical implication	Primitive	Dyadic Function		Boolean/Logical	gate materialconditional materialconsequence implies implying materialimplication therefore ∴ ⇒ Cpq
m≤n	Less Than Or Equal To	Primitive	Dyadic Function		Comparison	before precedes ≦ smaller lesser same as
a≥b	Logical converse implication	Primitive	Dyadic Function		Boolean/Logical	gate because ∵ ⇐ if converseconditional Bpq reverseimplying cimply
m≥n	Greater Than Or Equal To	Primitive	Dyadic Function		Comparison	ge after follows ≧ larger same as succeeds
≡y	Depth: Maximum level of nesting in y (negative if uneven)	Primitive	Monadic Function		Array Properties	equalunderbar
x≡y	Match: 1 if x is identical to y, else 0	Primitive	Dyadic Function		Sets	testif equalunderbar identical? === equivalentto sameas
≢y	Shape: Length of each axis of y	Primitive	Monadic Function		Array Properties	equalunderbarslash unequalunderbar dimensions rho ⍴ ρ ϱ rank axes
x≢y	Not Match: ¬x≡y	Primitive	Dyadic Function		Sets	notmatch natch equalunderbarslash unequalunderbar notidentical differentfrom
↓y	Suffixes of an array	Primitive	Monadic Function		Structural	spike downarrow final string text
i0↓y	Drop first i0 major cells from y	Primitive	Dyadic Function		Structural	spike downarrow delete remove without
i1↓y	Drop i1 positions along leading axes of y	Primitive	Dyadic Function		Selection	spike downarrow remove trim cut major cells elements dimensions delete start beginning without
↑y	Prefixes of an array	Primitive	Monadic Function		Structural	pike uparrow initial string text
i0↑y	Take first i0 major cells or y	Primitive	Dyadic Function		Structural	pike uparrow table grab first last chop
i0↑y1	Pad y1 on the right to width i0	Primitive	Dyadic Function		Structural	extend right-align rightalign text
i1↑y	Take i1 positions along leading axes of y	Primitive	Dyadic Function		Selection	pike uparrow first last beginning trailing head tail major cells elements dimensions 1st start ending
i1↑y0	Pad y0 to shape i1	Primitive	Dyadic Function		Structural	extend text
⥊y	Ravel: Reshape into a list	Primitive	Monadic Function		Structural	zig zag comma flattening flatten() raze razing list array
i0⥊y0	Length-i0 list of copies of y0	Primitive	Dyadic Function		Structural	repeat repetition repeats repeating copy
i1⥊y	Reshape y to have shape i1	Primitive	Dyadic Function		Structural	zig zag rho mold form dimension array ⍴ ρ ϱ mould dim() axis cyclically repeat repetition repeats repeating take taking elements of
i1⥊y0	Shape-i1 array of copies of y0	Primitive	Dyadic Function		Structural	repeat repetition repeats repeating copy
⋆n	e raised to the power n	Primitive	Monadic Function		Mathematical	star asterisk exponential etothepowerof naturalexponential exp() 2.718281828459045235360287471352662 antiln antilog ln^-1() ln⁻¹() log^-1() log⁻¹() lnₑ^-1() lnₑ⁻¹() logₑ^-1() logₑ⁻¹()
m⋆n	m raised to the power n	Primitive	Dyadic Function		Mathematical	star asterisk raisedtothepowerof exponentiation pow() ** raising
√n	Square Root	Primitive	Monadic Function		Mathematical	squareroot sqrt ²√ ^0.5 ^.5
m√n	m'th Root of n	Primitive	Dyadic Function		Mathematical	nthroot ⁿ√ ³√ ∛ ∜
¬n	Probabilistic inverse (NOT)	Primitive	Monadic Function		Mathematical	fuzzy probability chance logicalnot logicalnegation logicalcomplement ~ ¬ negate inverting
¬y	Logical inverse (NOT): 1-y	Primitive	Monadic Function		Boolean/Logical	gate tilde logicalnot logicalnegation logicalcomplement ~ ¬ negate inverting
i¬j	Number of integers between i and j, inclusive	Primitive	Dyadic Function		Mathematical	plus span distance fence-post range
x¬y	Span: 1+x-y	Primitive	Dyadic Function		Mathematical	not plus span distance fence-post range
x y˙z	Constant: ignore arguments and return y	Primitive	Dyadic Function	1-modifier	Structural	single dot replace
x˙y	Constant: ignore z and return x	Primitive	Dyadic Function	1-modifier	Structural	single dot replace
F˜y	Self: same as y F y	Primitive	Monadic Function	1-modifier	Function Application	commute superscript tilde frown duplicate selfie dup
x F˜y	Commute: same as y F x	Primitive	Dyadic Function	1-modifier	Function Application	switch superscript tilde swap frown flip
x F˜y	Church Boolean Logical Inverse	Primitive	Dyadic Function	1-modifier	Mathematical	¬ not logicalnot logicalnegation logicalcomplement ¬ negate inverting
F∘G y	Atop: F on the result of G on y, that is, F G y	Primitive	Monadic Function	2-modifier	Composition	small little tiny jot composewith bind ring functioncomposition against after
x F∘G y	Atop: F on the result of x G y, that is, F x G y	Primitive	Monadic Function	2-modifier	Composition	small little tiny jot composewith functioncomposition upon after
F⊸G x	Before hook: (F x) G x	Primitive	Dyadic Function	2-modifier	Function Application	functioncomposition fXgX backcompose back-compose reverse-compose reversecompose into
x F⊸G y	Before: (F x) G y	Primitive	Dyadic Function	2-modifier	Function Application	composewith functioncomposition fXgY backcompose back-compose reverse-compose reversecompose into
x⊸G y	Bind: G between x and y, that is, XgY	Primitive	Monadic Function	2-modifier	Composition	small little tiny jot composewith bind ring
F⟜G y	After hook: x F G x	Primitive	Monadic Function	2-modifier	Composition	composewith bind ring functioncomposition against
F⟜y z	Bind: F between z and y, that is, z F y	Primitive	Monadic Function	2-modifier	Composition	small little tiny jot composewith bind ring
x F⟜G y	After: x⊸F on the result of G on y, that is, x F G y	Primitive	Monadic Function	2-modifier	Composition	small little tiny jot composewith bind ring functioncomposition hook against
F¨y	Each: F on elements of y	Primitive	Monadic Function	1-modifier	Function Application	foreach diaeresis mapping cells elements
x F¨y	Each: F between elements of x and y	Primitive	Dyadic Function	1-modifier	Function Application	foreach diaeresis mapping cells elements
G⌜y	Table: G on each element of y; same as G¨y	Primitive	Monadic Function	2-modifier	Mathematical	corner jotdot outerproduct table cartesianproduct allcombinationsof matrix cell element pair up
x G⌜ y	Table: G between each element of x and every element of y	Primitive	Monadic Function	2-modifier	Mathematical	corner jotdot outerproduct cartesianproduct allcombinationsof matrix cell element pair up
F○G y	Over: F on the result of G on y, that is, F G y	Primitive	Monadic Function	2-modifier	Composition	circle hoof composewith functioncomposition
x F○G y	Over: apply G to each argument and F to the results	Primitive	Ambivalent Monadic Function, Dyadic Function	2-modifier	Function Application	circle ontop composewith functioncomposition (gX)F(gY) (gX)fgY (fX)G(fY) (fX)gfY comparing
/b1	Indices of all 1s in b	Primitive	Monadic Function		Index Generation	wheretrues slash solidus locationsoftrues positions ones trues truths
/j1	Indices: j/↕≠j	Primitive	Monadic Function		Index Generation	slash solidus locationsoftrues positions ones trues truths
a1/y	Filter major cells of y according to mask a1	Primitive	Dyadic Function		Selection	compressing selecting items vertically rowsofmatrix columnwise column-wise dimension 1st start beginning down bitmask bit-mask
i1/y	Copy major cells of y i1 times	Primitive	Dyadic Function		Selection	compressing slash solidus first copying repeatingeachrows dimension 1st start beginning vertically columnwise column-wise down
F´y1	Fold: F between all elements of y1	Primitive	Monadic Function	1-modifier	Function Application	accute accent slash inserting over reducing folding cells elements
x F´ y1	Fold: F between all elements of y1 and initial value x	Primitive	Monadic Function	1-modifier	Function Application	accute accent slash inserting over reducing folding cells elements
F⎉j0 y	Rank: apply F to j0-cells to form cells of the result	Primitive	Monadic Function	2-modifier	Function Application	sub-array dimensions axes ending
x F⎉j1 y	Rank: F on corresponding cells of x and y	Primitive	Dyadic Function	2-modifier	Function Application	sub-array dimensions axes ending
F⌾G y	Under: apply G, then F, then undo G	Primitive	Monadic Function	2-modifier	Function Application	double circle dual commutator
x F⌾G y	Under: apply F○G, then undo G	Primitive	Dyadic Function	2-modifier	Function Application	double circle dual commutator
F⊘G y	Valences: F y since F is used for one argument	Primitive	Monadic Function	2-modifier	Function Application	circle slash number adicity ambivalent
x F⊘G y	Valences: x G y since F is used for two arguments	Primitive	Dyadic Function	2-modifier	Function Application	circle slash number adicity ambivalent
F˝y	Insert: F between all major cells of y	Primitive	Monadic Function	1-modifier	Function Application	slash reducefirst foldfirst insertfirst inserting folding solidusbar columnwise reducing major cells elements dimension 1st column-wise vertically down
x F˝ y	Insert: F between all major cells of y and initial value x	Primitive	Monadic Function	1-modifier	Function Application	slash reducefirst foldfirst insertfirst inserting folding solidusbar columnwise reducing major cells elements dimension 1st column-wise vertically down
∾y	Join elements of y along axes corresponding to y's axes	Primitive	Monadic Function		Structural	combine merge joinvertically cells elements dimensions
∾y1	Join list of lists into one list	Primitive	Dyadic Function		Structural	nextto juxtapose merge flatten row-wise rowwise
x∾y	Join two arrays along a leading axis	Primitive	Dyadic Function		Structural	commabar concatenate over ontop atop vertically stack dimension column-wise columnwise start beginning connect join
x2∾y1	Append elements of list to respective columns of table	Primitive	Dyadic Function		Structural	vertically ontop atop extend with over merge join concatenate table list
≍y	Solo: add a length-1 axis to the beginning of y	Primitive	Monadic Function		Structural	itemize additional dimensions axes axis items elements cells extend shape add beginning first 1st rowmatrixfromvector
≍y1	Reshape list y1 into a one-row table	Primitive	Monadic Function		Structural	1-row table list
≍y1	Turn y1 into the first row of a 1-row table	Primitive	Monadic Function		Structural	default initialise initialize 1st table
x≍y	Couple: join arrays of identical shape along new length-2 axis	Primitive	Dyadic Function		Structural	laminate comma combine juxtapose dimension
x1≍y1	Two-row table from two lists	Primitive	Monadic Function		Structural	table lists rows
⊏y	First cell of y	Primitive	Monadic Function		Selection	topmostrow subarray dimension leading cell item 1st start beginning
i1⊏y	Select major cells i1 from y	Primitive	Dyadic Function		Selection	rightshoeunderbar saneindexing ⊇ items elements getting picking selecting permutation permuting
x1⊏y	Select cells from y based on numeric arrays in x	Primitive	Dyadic Function		Selection	rightshoeunderbar saneindexing ⊇ items elements getting picking selecting permutation permuting
↕j0	Natural numbers less than j0	Primitive	Monadic Function		Index Generation	iota unsigned integers ints countto sequence numbers range ɩ ι positions locations 0… 0...
↕j1	Indices of all elements of array of shape j1	Primitive	Monadic Function		Index Generation	up-down arrow iota sequence ɩ ι positions locations cells elements naturals numbers
i↕y	Windows: slices of y with shape i, arranged in a flat array	Primitive	Dyadic Function		Selection	up-down arrow sub-array subarray sub-sequence subsequence segmented partitioned
i0↕y1	All slices of y1 of length i0	Primitive	Dyadic Function		Selection	sub-string substring sub-sequence subsequence sub-vectors segmented sub-lists partitioned sublists
∊y	Unique mask: boolean list indicating major cells to be kept if y was deduplicated (⍷y)	Primitive	Monadic Function		Sets	unique Boolean indication indicate ⍧ items elements masking indicating Nub-sieve
x∊y	Member of: 1 for cells of x matching major cells of y and 0 elsewhere	Primitive	Dyadic Function		Sets	testif epsilon isin membership containedin has ϵ ε ∈ memberof elementof cell searching
⊐y	Classify: translate major cells to natural number keys ((⍷y)⊐y)	Primitive	Monadic Function		Index Generation	self unique index
⊐y	Consecutive ids (indices with equal major cells mapping to same index)	Primitive	Monadic Function		Index Generation	integers replace with convertion to self-identifying generate ids identities serial-numbers enumeration labels
x⊐y	Index of: index of the first major cell of x matching each cell of y	Primitive	Dyadic Function		Index Generation	iota indexin indexof ɩ ι finding locating locate positionof 1st items elements location searching
x1⊐y	Indices of keys y in key list x1	Primitive	Dyadic Function		Index Generation	find locate positionof locating location list
F⁼y	Inverse: find z such that y ≡ F z	Primitive	Monadic Function	1-modifier	Function Application	F⁻¹(x) F′(x) fʹ(x) opposite revert
x F⁼ y	Inverse: find z such that y ≡ x F z	Primitive	Monadic Function	1-modifier	Function Application	F⁻¹(x,y) F′(x,y) fʹ(x,y) opposite revert
F⍟j0 y	Repeat: apply F on y j0 times	Primitive	Monadic Function	2-modifier	Iteration	application poweroperator circlestar starcircle inverse repeated repeating inversion inverting iterating looping
x F⍟G y	Repeat: apply x∘F to y, G y times	Primitive	Dyadic Function	1-modifier	Iteration	application inverse repeated repeating inversion inverting iterating looping
x F⍟j0 y	Repeat: apply x⊸F on y j0 times	Primitive	Dyadic Function	2-modifier	Iteration	poweroperator circlestar starcircle while until inverse inversion application repeated repeating inverting iterating looping
⍋j1	Invert permutation	Primitive	Monadic Function		Index Generation	upgrade deltastile upgrade pine concordetakingoff
⍋y	Grade up: indices to reorder y into ascending order	Primitive	Monadic Function		Index Generation	upgrade gradeup deltastile pine concordetakingoff increasing
x⍋y	Bins up: indices of cells of y in intervals with ascending cut-offs x	Primitive	Dyadic Function		Index Generation	deltastile intervalindex iotaunderbar bins groups ranges buckets classes classifying classification major cells elements
⍒y	Grade down: indices to reorder y into descending order	Primitive	Monadic Function		Index Generation	downgrade gradedown delstile spine concordelanding decreasing
x⍒y	Bins down: indices of cells of y in intervals with descending cut-offs x	Primitive	Dyadic Function		Index Generation	delstile intervalindex iotaunderbar bins groups ranges buckets classes classifying classification major cells elements
F`y	Scan: F between elements of y progressing along the first axis	Primitive	Monadic Function	1-modifier	Function Application	slopebar backslashbar reversesolidusbar scanfirst cumulativereducefirst columnwise scanning major cells elements dimension 1st column-wise vertically lists
⍉y	Transpose: move first axis of y to end	Primitive	Monadic Function		Structural	circlebackslash cant rotateaxes ^T ⸆ ᵀ reordering ordering rotating dimensions
⍉y2	Reflect diagonally	Primitive	Monadic Function		Structural	mirroring reflecting reflection mirror across tip
i0⍉y	Rotate only the first i0+1 axes of y as if transposing	Primitive	Dyadic Function		Structural	diagonal reorderaxes reordering dimensions
i1⍉y	Reorder the axes of y to send axes to positions i1	Primitive	Dyadic Function		Structural	circlebackslash diagonal reorderaxes reordering dimensions shuffle slice shuffling slicing
⊑y	First element of y	Primitive	Monadic Function		Selection	disclose rightshoe unbox open contentof y[0] x[0] element cell 1st
i1⊑y	Select element at index i1 from y	Primitive	Dyadic Function		Selection	rightshoe pickfrom selectfrom getting picking indexing selecting major minor cells
⊒y	Occurrence count: number of times each major cell's value has appeared previously	Primitive	Monadic Function		Index Generation	indexin indexof matchingpositionof find locatecorresponding PDI remove
x⊒y	Progressive Index of: ⊐ that can't use the same index twice	Primitive	Dyadic Function		Index Generation	indexin indexof matchingpositionof find locatecorresponding PDI remove
⍷y	Deduplicate: distinct major cells of y	Primitive	Monadic Function		Sets	cup downshoe distinctitems uniqueelements nub eraseremoveduplicates repetitions items elements
x⍷y	Find: boolean indication of top left corner of occurrences of entire array x within y	Primitive	Dyadic Function		Sets	findin epsilonunderbar search locate subarray sub-array sub-vector subvector subsequence sub-sequence sub-string substring sub-list sublist locating location binary base-2 base2
⊔i1	Group Indices of i1 by placing them in the given positions	Primitive	Monadic Function		Selection	square cup bucket
⊔x1	Group compound indices ↕≠¨x1 according to x1	Primitive	Monadic Function		Selection	square cup bucket
i1⊔y	Group major cells of y into the positions i1	Primitive	Dyadic Function		Selection	square cup bucket sort
x1⊔y	Group array y based on x1	Primitive	Dyadic Function		Selection	square cup bucket sort
F⚇j0 y	Depth: apply F to depth-j0 nested elements of y	Primitive	Monadic Function	2-modifier	Function Application	circledots recursion repeated each
x F⚇j1 y	Depth: F on corresponding elements of x and y at the given depths	Primitive	Dyadic Function	2-modifier	Function Application	circledots recursion repeated each
1˘y2	List having as many ones as y2 has rows	Tacit	Monadic Function		Boolean/Logical	1s trues truths list
0¨y	0 corresponding to each element of y	Tacit	Monadic Function		Boolean/Logical	zeroes naughts 0s zeros cell element falses falsehoods
0¨y	Zeros, simple with same shape	Tacit	Monadic Function		Boolean/Logical	zeroes naughts 0s falses falsehoods
+˜n	Double: 2×n	Tacit	Monadic Function		Mathematical	twice
×˜n	Square: n⋆2	Tacit	Monadic Function		Mathematical	² ^2
=˜y	Ones, same shape and structure	Tacit	Monadic Function		Boolean/Logical	1s trues truths
≠˜y	Zeros, same shape and structure	Tacit	Monadic Function		Boolean/Logical	zeroes naughts 0s falses falsehoods
1⊸+n	Increment: n+1	Tacit	Monadic Function		Mathematical	increase next
¯1⊸-j	2's-complement bit-wise NOT	Tacit	Monadic Function		Boolean/Logical	bitwise binary gate logicalnot logicalnegation logicalcomplement negate inverting inversion 2s two's twos
0⊸×n	Zero array of shape, size, and structure of n	Tacit	Monadic Function		Structural	zeroes zeros fill mold mould 0s falses falsehoods
100⊸×n	Percentage corresponding to rate n	Tacit	Monadic Function		Mathematical	conversion converting change changing
3⊸×n	Triple: 3×n	Tacit	Monadic Function		Mathematical	thrice
0⊸⌈n	Ensure that n is non-negative (negatives become zero)	Tacit	Monadic Function		Mathematical	clamp limit restrict
0⊸⌊n	Ensure that n is non-positive (positives become zero)	Tacit	Monadic Function		Mathematical	clamp limit restrict
1⊸⌽y	Rightmost neighbouring elements (cyclically)	Tacit	Monadic Function		Selection	neighbours neighbors lefthand bitshift cells items
¯1⊸⌽y	Leftmost neighbouring elements (cyclically)	Tacit	Monadic Function		Selection	neighboring neighbours neighbors lefthand bitshift cells items
1⊸|n	Fractional part of number	Tacit	Monadic Function		Mathematical	decimals
1000⊸|ia	Last part of packed numeric code ABBB	Tacit	Monadic Function		Data Conversion	unpack converting change changing
2⊸|j	Parity of j (is j odd?)	Tacit	Monadic Function		Mathematical	testif
256⊸|j	Convert from signed short integers to unsigned short integers	Tacit	Monadic Function		Data Conversion	datarepresentation converting change changing
0⊸=n	Zero?	Tacit	Monadic Function		Mathematical	testif
0⊸≠n	Non-zero?	Tacit	Monadic Function		Mathematical	testif nonzero?
0⊸<n	Strictly positive?	Tacit	Monadic Function		Mathematical	testif
0⊸>n	Strictly negative?	Tacit	Monadic Function		Mathematical	testif
0⊸≤n	Non-negative?	Tacit	Monadic Function		Mathematical	testif nonnegative?
0⊸≥n	Non-positive?	Tacit	Monadic Function		Mathematical	testif nonpositive?
0⊸↓y	Ensure minimum rank 1 (reshaping unit into one-element list)	Tacit	Monadic Function		Structural	unscalarise unscalarize 1-element 1element minimumrank1 makenonscalarise nonscalarize list ravel-if-scalar
1⊸↓y	Behead: Remove first major cell	Tacit	Monadic Function		Selection	drop chop leading element item 1st delete start beginning without
¯1⊸↓y	Curtail: Remove last major cell	Tacit	Monadic Function		Selection	drop chop trailing element item delete ending without
1⊸↑y2	First row as a row matrix (row list)	Tacit	Monadic Function		Selection	topmostrow leading 1st table list start beginning
¯1⊸↑y2	Last row as a row matrix (row list)	Tacit	Monadic Function		Selection	bottommostrow trailing table list ending
10⊸⋆n	Common anti-logarithm	Tacit	Monadic Function		Mathematical	log⁻¹() log^1() lg⁻¹() lg10^1() log10⁻¹() log10^1() lg10⁻¹() lg10^1() log₁₀⁻¹() log₁₀^1() lg₁₀⁻¹() lg₁₀^1() antilogarithm
3⊸√n	Cube Root	Tacit	Monadic Function		Mathematical	squareroot cbrt ³√ ∛ ^0.333 ^.333 ^(1/3)
-⟜1 n	Decrement	Tacit	Monadic Function		Mathematical	decrease previous
÷⟜100 n	Rate corresponding to percentage n	Tacit	Monadic Function		Mathematical	conversion converting change changing
÷⟜2 n	Halve: n÷2	Tacit	Monadic Function		Mathematical	halfof
⋆⟜3 n	Cube	Tacit	Monadic Function		Mathematical	³ ^3
x F⊸G⟜H y	Split-Compose: apply G between (F x) and (H y), that is (F x) G (H y)	Tacit	Dyadic Function		Composition	composewith splitover (fX)G(hY) (fX)ghY
⌽˘y2	Reflect vertically	Tacit	Monadic Function		Structural	mirroring reflecting reflection right-left rightleft leftright left-right
<˘y2	Table to list of rows	Tacit	Monadic Function		Structural	spike downarrow split lists from table into
⥊˘y	Reshape into 2-dimensional array	Tacit	Monadic Function		Structural	commabar ravelcells flattencells razecells
⥊˘y	Ravel planes of rank 3 array y to form rows of a table	Tacit	Monadic Function		Structural	Merge demoterank lessenrank reduce flatten reducing table
i0⥊˘y1	Table with i0 columns, each consisting of y1	Tacit	Dyadic Function		Structural	fill table
⥊¨y	Ensure that all elements are lists	Tacit	Monadic Function		Structural	items elements cells lists uniformity make force to be
i1+⌜j1	Addition Table for i1 down and j1 across	Tacit	Monadic Function		Mathematical	additiontable cartesianaddition plustable matrix
i1×⌜j1	Multiplication Table for i1 down and j1 across	Tacit	Monadic Function		Mathematical	multiplicationtable cartesianproduct timestable matrix
0⊸/y	Empty array along first axis	Tacit	Monadic Function		Structural	dimension 1st
+´n1	Sum of n1	Tacit	Monadic Function		Mathematical	summation enlargedsigma bigsigma capitalsigma ∑ Σ sum() horizontally rowwise
×´n1	Product of n1	Tacit	Monadic Function		Mathematical	enlargedpi bigpi capitalpi ∏ Π horizontally rowwise
×´n1	Area of rectangle with sides n1	Tacit	Monadic Function		Mathematical	edge lengths
×´n1	Volume of box with sides n1	Tacit	Monadic Function		Mathematical	block edge lengths
∨´b1	Are any true?	Tacit	Monadic Function		Boolean/Logical	anyone? forany thereexists ∃ horizontally rowwise testif forany?
∧´b1	Are all true?	Tacit	Monadic Function		Boolean/Logical	forall? ∀ binary base-2 base2 testif
⌈´n1	Maximum of n1	Tacit	Monadic Function		Mathematical	supremum biggest largest highest
⌊´n1	Minimum of n1	Tacit	Monadic Function		Mathematical	infirmum smallest lowest
÷´n1	Alternating product of n1	Tacit	Monadic Function		Mathematical	
≠´b1	Boolean Parity (Even)	Tacit	Monadic Function		Boolean/Logical	
⌽⎉1 y	Reverse last axis of y	Tacit	Monadic Function		Structural	circlestile reversing dimension
<⎉1 y	Nest sub-arrays from last axis	Tacit	Monadic Function		Structural	spike downarrow subarrays dimension
a1 /⎉1 y	Filter columns of y according to mask a1	Tacit	Dyadic Function		Selection	compressing slash solidus selecting cells items horizontally across bitmask bit-mask
i1 /⎉1 y	Replicate along last axis of y	Tacit	Dyadic Function		Selection	compressing slash solidus copying repeatingeachcolumns dimension horizontally replicating rowwise row-wise across
F⌾⥊y	Handle array y temporarily as a list	Tacit	Monadic Function	1-modifier	Function Application	columnheadings columnnumbers ⍢, flattened ravelled raveled list
⊢˝y	Last cell of y	Tacit	Monadic Function		Selection	topmostrow subarray dimension 1st
+˝n	Sum of n (column-wise)	Tacit	Monadic Function		Mathematical	summation enlargedsigma bigsigma capitalsigma ∑ Σ vertically columnwise
-˝n	Column-wise alternating sum: ((n_0-n_1)+n_2)-n_3+…	Tacit	Monadic Function		Mathematical	alternatingsum series vertically columnwise
×˝n	Product of n (column-wise)	Tacit	Monadic Function		Mathematical	enlargedpi bigpi capitalpi ∏ Π vertically columnwise
x2∾˘y0	Append unit to each row of table	Tacit	Dyadic Function		Structural	extend with next merge join concatenate rows table connect
x2∾˘y1	Append elements of list to respective rows of table	Tacit	Dyadic Function		Structural	extend with next merge join concatenate table list connect
x∾¨y	Join corresponding elements	Tacit	Monadic Function		Structural	juxtapose tuples cells elements zip pair
x ∾⎉1 y	Join along last axis	Tacit	Dyadic Function		Structural	concatenate juxtapose horizontally dimension row-wise rowwise by connect join
x1 ∾⎉1 y2	Prefix list to each row of table	Tacit	Dyadic Function		Structural	prepend rows list table rows
x2 ∾⎉1 y1	Postfix list to each row of table	Tacit	Dyadic Function		Structural	append rows list table rows
≍˘y1	Reshape list y1 into a one-column table	Tacit	Monadic Function		Structural	1-column table list
x1≍˘y1	Two-column table from two lists (repeat units)	Tacit	Monadic Function		Structural	table lists columns
x≍⌜y	Cartesian product: all pairs of x and y	Tacit	Monadic Function		Sets	
≍⎉0 y	Increment rank by inserting a new dimension after the trailing one	Tacit	Monadic Function		Structural	additional dimensions axes axis items elements cells extend shape add ending last columnmatrixfromvector
m1 F⎉0‿1 n2	Apply F between list m1 and each column of n2	Tacit	Dyadic Function		Function Application	rank suffixagreement columns distribute columwise column-wise list dimensions axes vertically columnwise
i1⊏˜j1	Generate consolidated left argument for successive transposes i1⍉j1⍉y	Tacit	Dyadic Function		Structural	
¯1⊸⊏y	Tail: Last major cell	Tacit	Monadic Function		Selection	y[-1] x[-1] y[¯1] x[¯1] trailing element item ending
x ∊⎉1 y	Which elements of x belong to corresponding row of y (≠x ↔ ≠y)	Tacit	Dyadic Function		Sets	testif memberof isin membership containedin has cells items
⊐⟜1 n	Index of first 1 in n	Tacit	Monadic Function		Index Generation	indexof one locate find positionof location 1st
x ⊐⎉1 y	Indices of elements of x in corresponding rows of x	Tacit	Dyadic Function		Index Generation	indexin indexof find locate positionof rowwise row-wise locating cells items location horizontally
⋆⁼n	Natural logarithm of n	Tacit	Monadic Function		Mathematical	naturallogarithm circlestar starcircle splat ln() lnₑ() logₑ()
m⋆⁼n	Base-m logarithm of n	Tacit	Dyadic Function		Mathematical	logarithms logs circlestar starcircle splat log() log₁₀()
+`n	Cumulative sum	Tacit	Monadic Function		Mathematical	runningtotal
∨`b	Turn on all 1s after first 1 (indicate all elements except leading 0s)	Tacit	Monadic Function		Boolean/Logical	indicating flipping turning change changing inverting negating bitmask bit-mask zeros zeroes trues truths ones falses falsehoods 1st start beginning mask not
∧`b	Turn off all 1s after first 0 (indicate all elements until the first 0)	Tacit	Monadic Function		Boolean/Logical	indicating flipping turning change changing inverting negating bitmask bit-mask ones zero false trues truths falsehood 1st mask
⌈`n	Progressive maxima (column-wise)	Tacit	Monadic Function		Mathematical	running cumulative scan columnwise vertically
⌊`n	Progressive minima (column-wise)	Tacit	Monadic Function		Mathematical	running cumulative scan columnwise vertically
≠`b	Convert reflected Gray code to binary	Tacit	Monadic Function		Boolean/Logical	flip change changing inverting negating bitmask bit-mask base-2 base2 mask Conversion converting change changing
≠`b	Parity: Connect odd and even ones	Tacit	Monadic Function		Mathematical	flip change changing inverting negating bitmask bit-mask 1s running trues truths mask
<`b	Indicate 1s preceded by an even number of 1s in their group	Tacit	Monadic Function		Boolean/Logical	indicating flipping turning change changing inverting negating bitmask bit-mask zeros zeroes falses ones trues truths falsehoods 1st mask
⍉⎉2 y	Transpose every submatrix of y	Tacit	Monadic Function		Structural	cant ^T ⸆ ᵀ sub-matrix sub-table subtable planes
¯1⊸⊑y1	Pick last element of list y1	Tacit	Monadic Function		Selection	element cell list
expr⊣name←y	Combining two lines into one	Tacit			Identity	lev lefttack where
+∘-n	Negate real part (“real conjugate”)	Tacit	Monadic Function		Mathematical	
-∘+n	Mirror complex n across y-axis	Tacit	Monadic Function		Circular/Trigonometric	negatereal mirroring reflecting reflection
m×∘-n	Sign of difference (¯1:m is smaller, 0:m=n, 1:m is bigger)	Tacit	Dyadic Function		Comparison	signum cmp() <=> >-< spaceship space-ship three-way compare comparing comparison
m⌊∘÷n	Integer Division	Tacit	Dyadic Function		Mathematical	intdiv() ≢ // divmod()
m|∘-n	Absolute distance between x and y	Tacit	Dyadic Function		Mathematical	magnitudeof cartesian
a¬∘∨b	Logical NOR	Tacit	Dyadic Function		Boolean/Logical	peirce'sarrow quine'sdagger ampheck neithernor jointdenial Xpq ⊽ neither-nor gate †
a¬∘∧b	Logical NAND	Tacit	Dyadic Function		Boolean/Logical	shefferstroke notand andtilde carettilde alternativedenial Dpq ⊼ gate
m¬∘∧n	Probabilistic NAND	Tacit	Dyadic Function		Mathematical	fuzzy probability chance shefferstroke notand alternativedenial Dpq ⊼
»⊸<b	Boolean first ones in each group of ones	Tacit	Monadic Function		Boolean/Logical	beginningsofruns trues truths 1st binary base-2 base2
a0-⊸↓y	Conditional drop of last element of y	Tacit	Dyadic Function		Structural	trailing cell item delete remove ending without
i0-⊸↑y1	Pad y1 on the left to width i0	Tacit	Dyadic Function		Structural	extend left-align leftalign text
x≠⊸⥊y	Array with shape of x and content of y	Tacit	Dyadic Function		Structural	reshape mould mold form fill
a¬⊸∨b	Probabilistic implication	Tacit	Dyadic Function		Mathematical	fuzzy probability chance materialconditional materialconsequence implies implying materialimplication therefore ∴ ⇒ Cpq
m¬⊸∧n	Probabilistic converse nonimplication	Tacit	Dyadic Function		Mathematical	fuzzy probability chance ⇍ Mpq
a¬⊸⋆n	Conditional change of elements of n to one according to a	Tacit	Dyadic Function		Mathematical	1 cells items changing converting conversion
m×⟜÷n	Division, forcing error for division by 0	Tacit	Dyadic Function		Mathematical	
×⟜|n	Square without changing sign	Tacit	Monadic Function		Mathematical	remove change converting conversion
>⟜«b	Boolean last ones in each group of ones	Tacit	Monadic Function		Boolean/Logical	endsofruns 1s trues truths binary base-2 base2
i1⥊⟜<y	Array of shape i1 filled with copies of y	Tacit	Dyadic Function		Structural	copy repeat repetitions duplicate reshape
a∨⟜¬b	Probabilistic converse implication	Tacit	Dyadic Function		Mathematical	fuzzy probability chance because ∵ ⇐ if converseconditional Bpq reverseimplying
m∧⟜¬n	Probabilistic nonimplication	Tacit	Dyadic Function		Mathematical	fuzzy probability chance abjunction ⇏ not butnot Lpq
1⊸↑˘ y2	First column as a column matrix (column list)	Tacit	Monadic Function		Selection	leftmostcolumn leading 1st table list start beginning
¯1⊸↑˘ y2	Last column as a column matrix (column list)	Tacit	Monadic Function		Selection	rightmostcolumn trailing table list ending
⊢⌜˜y1	Square matrix with y1 as rows	Tacit	Monadic Function		Structural	tomatrixof table
⊣⌜˜y1	Square matrix with y1 as columns	Tacit	Monadic Function		Structural	tomatrixof table
x≡○∧y	Are x and y permutations of each other?	Tacit	Dyadic Function		Comparison	testif permutation? permutationof?
m∧○¬n	Probabilistic NOR	Tacit	Dyadic Function		Mathematical	fuzzy probability chance peirce'sarrow quine'sdagger ampheck neithernor jointdenial Xpq ⊽
≠∘/b	Number of trues	Tacit	Monadic Function		Boolean/Logical	+/, +⌿, sum all howmanytrue count tally 1s ones truths
⌽⌾⥊y2	Rotate 180°	Tacit	Monadic Function		Structural	turning rotating rotation half-turn halfturn
+˝⎉1 n	Sum of n (row-wise)	Tacit	Monadic Function		Mathematical	summation enlargedsigma bigsigma capitalsigma ∑ Σ sum() horizontally rowwise
×˝⎉1 n	Product of n (row-wise)	Tacit	Monadic Function		Mathematical	enlargedpi bigpi capitalpi ∏ Π horizontally rowwise
1⊸∾˘y2	Preface a column of 1s	Tacit	Monadic Function		Structural	ones trues truths
∾⟜1˘y2	Append a column of 1s	Tacit	Monadic Function		Structural	ones trues truths
i0/⟜≍y1	Table with i0 rows, each consisting of y1	Tacit	Dyadic Function		Structural	fill table
∾∘≍y	Join array of arrays vertically	Tacit	Dyadic Function		Structural	aboveandbelow stack merge flatten column-wise columnwise
∾∘≍y1	Join elements of y1 along the second axis	Tacit	Primitive		Structural	combine merge joinhorizontally cells elements dimensions
i0⊏∘⌽y	Select major cell of y at cyclic offset i0 (default i0:¯1)	Tacit	Dyadic Function		Selection	element item
↕∘=y	All axes of array y	Tacit	Monadic Function		Index Generation	dimensions
↕∘≠y	Indices of Major Cells of y	Tacit	Monadic Function		Index Generation	enumerate number count items elements
↕∘≠y2	All row indices of table y2	Tacit	Monadic Function		Index Generation	enumerate rows table
↕∘≢y	All indices of y, as a matching-shape array	Tacit	Monadic Function		Index Generation	indicesof
⥊∘↕y1	All tuples of corresponding elements of ↕¨y1 (for small y1)	Tacit	Monadic Function		Index Generation	indices major cells items
m0×⟜↕j0	Arithmetic progression vector: j0 steps of m0	Tacit	Dyadic Function		Mathematical	sequence
m0↕∘≍n0	Catalogue of all pairs from ↕m0 and ↕n0	Tacit	Dyadic Function		Index Generation	pairings tuples table matrix
x¬∘∊y	Boolean elements in x that are not in y	Tacit	Dyadic Function		Sets	isnotin membership notcontainedin hasn't doesnothave elementof ∉ cells elements binary base-2 base2
x/∘∊y	Indices of all occurrences of elements of x in y	Tacit	Dyadic Function		Index Generation	locate find membersof positionsof locating cells items location
m0∊⟜↕n0	Is m0 in range 1…n0?	Tacit	Dyadic Function		Comparison	inrange? valid? testif
x⌽⊸⊐y	Last indices in x of major cells y, counted from the rear	Tacit	Dyadic Function		Index Generation	indexin indexof find locate positionof locating items elements location
x⍋∘⊐y	Grade up of y according to key x	Tacit	Dyadic Function		Index Generation	custom sort order ascending
⍋∘⍋y	Permutation that sorts like y	Tacit	Monadic Function		Index Generation	ranking list
⍋∘⍋y	Ascending cardinal numbers (ranking, all different)	Tacit	Monadic Function		Index Generation	rising up
a1⍒⊸⊏y	Moving cells of y indicated by a1 to the start of y	Tacit	Dyadic Function		Structural	conditional promote promotion items elements beginning leading
x⍒∘⊐y	Grade down of y according to key x	Tacit	Dyadic Function		Index Generation	custom sort order descending
⍋∘⍒y	Descending cardinal numbers (ranking, all different)	Tacit	Monadic Function		Index Generation	falling down
⌈`⎉1 n	Progressive maxima (row-wise)	Tacit	Monadic Function		Mathematical	running cumulative scan rowwise horizontally
⌊`⎉1 n	Progressive minima (row-wise)	Tacit	Monadic Function		Mathematical	running cumulative scan rowwise horizontally
+`⁼n	Difference of adjacent pairs with seed value	Tacit	Monadic Function		Mathematical	differences deltas changes steps
≠`⁼b	Convert binary to reflected Gray code	Tacit	Monadic Function		Boolean/Logical	base-2 base2 Conversion converting change changing
⍉∘+n2	Conjugate Transpose	Tacit	Monadic Function		Mathematical	self-adjoint selfadjoin Yᴴ y^H y† y^† Aᴴ a^H a† a^†
⌽∘⍉y2	Rotate 90° clockwise	Tacit	Monadic Function		Structural	turning rotating rotation -90° ¯90° quarter-turn quarterturn
⍉∘⌽y2	Rotate 90° counter-clockwise	Tacit	Monadic Function		Structural	turning rotating rotation -90° ¯90° quarter-turn quarterturn counterclockwise
⍉∘>y1	Convert inverted table to table (character data as lists of lists)	Tacit	Monadic Function		Structural	matrix tables transforming transformation change changing into un-inverting un-inversion un-vertion unverting unversion unvertion
⍉⊸≡y2	Is y2 a symmetric matrix?	Tacit	Monadic Function		Array Properties	testif
0‿0⊸⍉y2	Main diagonal of matrix	Tacit	Monadic Function		Selection	table
i0⊑∘⌽y1	Pick element of list y1 at cyclic offset i0 (default ¯1)	Tacit	Dyadic Function		Selection	element cell list ⎕ioindependent ⎕ioindependence ⎕io-insensitive ⎕ioinsensitive Choosing choose ⎕io=0
⊑∘/b	Index of first satisfied condition in b	Tacit	Monadic Function		Index Generation	1st
⊑∘⍋y	Index of smallest cell in y (earliest index for ties)	Tacit	Monadic Function		Comparison	find locate positionof least minimum lexicographically lexically locating location
⊑∘⍒y	Index of largest cell in y (earliest index for ties)	Tacit	Monadic Function		Comparison	find locate positionof biggest greatestif maximum lexicographically lexically locating location
⍷⊸≡y	Are all major cells distinct?	Tacit	Monadic Function		Sets	testif alldifferent? allunequal? noduplicates? nodups? items elements alldistinct? allunique?
@⊸+i	Characters to Unicode code point numbers	Tacit	Function	Data Conversion	System Function	utf-8 utf8 utf-16 utf16 utf-32 utf32 ucs-4 ucs4 ucs-2 ucs2 iso10646 ord() num() chr() char() ascii latin-1 windows-1252 ansi mapping UniversalCodedCharacterSet UniversalCharacterSet codepoints code-points converting change changing
-⟜@c	Characters from Unicode code point numbers	Tacit	Function	Data Conversion	System Function	utf-8 utf8 utf-16 utf16 utf-32 utf32 ucs-4 ucs4 ucs-2 ucs2 iso10646 ord() num() chr() char() ascii latin-1 windows-1252 ansi mapping UniversalCodedCharacterSet UniversalCharacterSet codepoints code-points converting change changing
m1(F⎉1)n2	Apply F between list m1 and each row of n2	Tacit	Dyadic Function		Function Application	rank prefixargeement rows distribute rowwise row-wise list dimensions axes horizontally
x(F⎉0)y	Run F on units	Tacit	Dyadic Function	1-modifier	Function Application	apply
a ¯1⊸⋆⊸× n	Conditional elementwise change of sign	Tacit	Dyadic Function		Mathematical	signum conditionalnegation changing converting conversion
x2↑˜⟜≠y2	Vertically lengthening table x2 to be compatible (for ∾˘) with y2	Tacit	Monadic Function		Structural	compatibility sameheight adjust column-wise columnwise table
i0⥊⟜0⊸»y1	Shift y1 right by i0, padding on left	Tacit	Dyadic Function		Selection	rightshift list
i0⥊⟜0⊸«y1	Shift y1 left by i0, padding on right	Tacit	Dyadic Function		Selection	leftshift list
+/∘⥊b	Number of trues	Tacit	Monadic Function		Boolean/Logical	sumall howmanytrue count tally 1s ones truths
+/∘⥊n	Sum all elements in an array	Tacit	Monadic Function		Arithmetic	sumall +⌿, grandtotal sumitems cells items
a1+´∘×n1	Summation over subsets of n1 specified by a1	Tacit	Dyadic Function		Mathematical	
m1⌈´∘×n1	Maximum of n1 with weights m1	Tacit	Dyadic Function		Mathematical	greatestif largest biggest
m1⌊´∘×n1	Minimum of n1 with weights m1	Tacit	Dyadic Function		Mathematical	smallest least
m1+´∘÷n1	Sum of reciprocal series m1÷n1	Tacit	Dyadic Function		Mathematical	sequence
m1-´∘÷n1	Sum of alternating reciprocal series m1÷n1	Tacit	Dyadic Function		Mathematical	sequence
+´∘|n	Sum of magnitude of n	Tacit	Monadic Function		Mathematical	absolutesummation sumabs
⌈´∘|n	Infinity-norm	Tacit	Monadic Function		Mathematical	L∞-normal L-∞ ℓ∞ ℓ-∞ Linf
⌈´∘|n1	Largest magnitude found in n1	Tacit	Monadic Function		Mathematical	rowwise horizontally biggest greatestif maximum absolute value
⌊´∘|n1	Smallest magnitude found in n1	Tacit	Monadic Function		Mathematical	rowwise horizontally least minimum absolute value
x1+´∘=y1	Count pairwise matches (equal elements) in two lists	Tacit	Dyadic Function		Comparison	cells items lists
x1+´∘≠y1	Hamming distance	Tacit	Dyadic Function		Mathematical	edit
×´∘≢y	Count the number of elements (bound) of an array	Tacit	Monadic Function		Array Properties	tallyall ≢, numberofelements numberofitems howmanyelements howmanyitems whole scalars countall ×⌿≢ ≠, ≢, cells items
=´∘≢y2	Is y2 a square matrix?	Tacit	Monadic Function		Array Properties	square? table
∨´∘⥊b	Are any true?	Tacit	Monadic Function		Boolean/Logical	testif forany thereexists forsome existentialquantification ∃ ⋁ any?
∧´∘⥊b	Are all true?	Tacit	Monadic Function		Boolean/Logical	testif forall ∀ ⋀
∧´∘⥊b	All	Tacit	Monadic Function		Boolean/Logical	forall true givenany tautology universalquantification ∀
n1×´∘⋆b1	Products over subsets of n1 specified by b1	Tacit	Dyadic Function		Mathematical	sub-sets
+⟜÷´n	Continued fraction with terms n	Tacit	Monadic Function		Mathematical	series sequence
x1≍○<⌜y1	Catalogue of all pairs from x1 and y1	Tacit	Dyadic Function		Structural	pairings tuples table matrix
x1∨´∘∊y1	Do x1 and y1 have any elements in common?	Tacit	Dyadic Function		Sets	testif anyshared? anycommon? cells items
x1∧´∘∊y1	Is x1 a Subset of y1?	Tacit	Dyadic Function		Sets	testif subset? containedin ⊆
i∊˜⟜↕j0	Boolean list of length j0 with ones in locations i (inverse of ⍸b1)	Tacit	Dyadic Function		Boolean/Logical	inversion 1s trues truths list binary base-2 base2
x∧`∘=y	Indicate leading elements that are equal	Tacit	Dyadic Function		Comparison	show matching onleft cells items masking indicating start beginning
x∧`∘≠y	Indicate leading elements that are unequal	Tacit	Dyadic Function		Comparison	show different onleft cells items masking indicating start beginning
+⟜÷`n1	Continued fraction convergents with terms n1	Tacit	Monadic Function		Mathematical	series sequence
+`∘↕j0	First j0 triangular numbers	Tacit	Monadic Function		Mathematical	oeisA000217 oeisA217 1st
-`∘↕j0	Alternating series (1,-1,2,-2, …) of length j0	Tacit	Monadic Function		Mathematical	oeisA001057 oeisA1057
<˘∘⍉y2	Table to list of column lists	Tacit	Monadic Function		Structural	split table lists into columns
<˘∘⍉y2	Enclose columns of a table	Tacit	Monadic Function		Structural	vertically column-wise columnwise boxed enclosed table
<˘∘⍉y2	Convert table to inverted table (character data as lists of lists)	Tacit	Monadic Function		Structural	matrix tables transforming transformation change changing into inverting inversion
a1+`⊸⊔y	Partitioned y at 1s in a1 along first axis	Tacit	Dyadic Function		Selection	chop split cut separate chunk sub-vectors segmented sub-lists subvectors sublists dimension
m(0⌈⌊)n	Force numbers n to range 0≤n≤m	Tacit	Dyadic Function		Mathematical	clamp restrictrange between 0–
i(1+|)j	Increment cyclic counter j with upper limit i	Tacit	Dyadic Function		Mathematical	
(1||)n	Magnitude of fractional part of n	Tacit	Monadic Function		Mathematical	absolutedecimals
i(0=|)j	Does i divide j?	Tacit	Dyadic Function		Mathematical	testif divides divisibility divisor ∣
(0==)y	Is y a unit?	Tacit	Monadic Function		Array Properties	testif
(1==)y	Is y a list?	Tacit	Monadic Function		Array Properties	testif rank1
i(0≠|)j	Does i not divide j?	Tacit	Dyadic Function		Mathematical	testif divisibility divisor ∤ dividing
(0=≡)y	Is y an atom?	Tacit	Monadic Function		Array Properties	testif simple?
(1=≡)y	Is y an array of atoms?	Tacit			Array Properties	testif simple?
(1↓≢)y	Dimensions of major cells	Tacit	Monadic Function		Array Properties	shape items elements axes
(¯1↓≢)y	Lengths of leading axes	Tacit	Monadic Function		Array Properties	shape dimensions start beginning
(1+↕)j0	Integers from 1 to j0	Tacit	Monadic Function		Mathematical	whole numbers naturals 1st
x(1=⍋)y	Is y within the range [ x_0 , x_1 )	Tacit	Dyadic Function		Comparison	testif ≤y< ≤x< tao totalarrayordering interval inrange?
x(1≠⍋)y	Is y outside the range [ x_0 , x_1 )	Tacit	Dyadic Function		Comparison	testif >y≥ >x≥ tao totalarrayordering interval outsiderange?
(¯1⊑≢)y	Length of last axis	Tacit	Monadic Function		Array Properties	count length() cells len() cells elements dimension ending
⟨⟩⊸⥊y	First element of y as a unit	Tacit	Monadic Function		Selection	1st cell item
⟨⟩⊸⥊y	Enclosed top corner (or first element) of y; fill if y is empty	Tacit	Monadic Function		Selection	first top-left topleft northwest north-west NW cell item 1st
⟨⟩⊸⍉y	Convert y to array (enclose if atom)	Tacit	Monadic Function		Structural	leftshoeunderbar encloseifsimple conditionalenclose boxsimple eis condenclose
m ×⎉1‿∞ n	Mid product of m and n	Tacit	Dyadic Function		Mathematical	midproduct
'0'⊸+d	Translate digit numbers to characters	Tacit	Monadic Function		Data Conversion	base-2 base2 binary Boolean decimal converting change changing
-⟜'0'd	Translate character digits to numbers	Tacit	Monadic Function		Data Conversion	base-2 base2 binary Boolean decimal converting change changing
+´∘×˜n1	Sum of squares of n1	Tacit	Dyadic Function		Mathematical	∑x² Σx² sum(x^2) Pythagorean trigonometry
x2∧˝˘∘=y0	Boolean rows of x2 all equal to unit y0	Tacit	Dyadic Function		Sets	findall lookup binary base-2 base2 compare equality match
x0∨˝˘∘≠y2	Do rows of y2 contain elements differing from x0?	Tacit	Dyadic Function		Comparison	testif hasdifferent cells items
x ∧˝∘=⎉1 y1	Compare list y1 with rows of array x	Tacit	Dyadic Function		Comparison	list compare equality match
1¨∘⊏⊸∾y	Preface a row of 1s	Tacit	Monadic Function		Structural	ones trues truths
+⌜˜∘↕j0	Addition Table for Numbers up to j0	Tacit	Monadic Function		Mathematical	additiontable cartesianaddition plustable matrix integers
×⌜˜∘↕j0	Multiplication Table for Numbers up to j0	Tacit	Monadic Function		Mathematical	multiplicationtable cartesianproduct timestable matrix integers
⌈⌜˜∘↕j0	Maximum table of 1…j0	Tacit	Monadic Function		Mathematical	matrix
<⌜˜∘↕j0	Upper triangular matrix without diagonal: j0 by j0	Tacit	Monadic Function		Boolean/Logical	triangle NE northeast north-east table remove strict
>⌜˜∘↕j0	Lower triangular matrix without diagonal: j0 by j0	Tacit	Monadic Function		Boolean/Logical	triangle SW southwest south-west table remove strict
≤⌜˜∘↕j0	Upper triangular matrix with diagonal: j0 by j0	Tacit	Monadic Function		Boolean/Logical	triangle NE northeast north-east table
≥⌜˜∘↕j0	Lower triangular matrix with diagonal: j0 by j0	Tacit	Monadic Function		Boolean/Logical	triangle SW southwest south-west table
x1∧´∘∊˜y1	Is x1 a superset of y1?	Tacit	Dyadic Function		Sets	testif superset? contains ⊇
i1∊⟜↕⟜≠y	Starting points for y in indices pointed by i1	Tacit	Dyadic Function		Structural	segmented partitioned starts beginnings
+`⍟2∘↕j0	First j0 triangular pyramidal numbers	Tacit	Monadic Function		Mathematical	figurative tetrahedral oeisA000292 oeisA292 1st
⌽∘⍉∘⌽y2	Reflect counter-diagonally	Tacit	Monadic Function		Structural	mirroring reflecting reflection counterdiagonally mirror
∧˘⌾⍉⎉2 y	Sort each column in ascending order	Tacit	Monadic Function		Mathematical	up increasing sorting reordering ordering
⊑∘⌽∘⥊y	The last element of y	Tacit	Monadic Function		Selection	cell element
x⊑∘/∘≠y	Index of first differing element in x and y	Tacit	Dyadic Function		Index Generation	indexin indexof find locate positionof unequal different 1st locating cell item difference location
x⊑∘/∘∊y	Index in x of the first element which is a member of y	Tacit	Dyadic Function		Index Generation	find locate positionof locating memberof occurrence location 1st
m(⊢-|)n	Largest whole multiple of m less than or equal to n (n rounded down to closest smaller multiple of m)	Tacit	Dyadic Function		Mathematical	without less nodivisionremainder bar() noresidual intmultiples smaller ≤ integer unit floor
(×|⊢)n	Fractional part with sign	Tacit	Monadic Function		Mathematical	decimals
(⊢=+)n	Is n real?	Tacit	Monadic Function		Mathematical	testif
(⌊=⊢)n	Is n integer?	Tacit	Monadic Function		Mathematical	testif whole number?
(⊢≠+)n	Is n complex?	Tacit	Monadic Function		Mathematical	testif
(⌽≡⊢)d1	Is d1 a palindrome?	Tacit	Monadic Function		Text	testif
(⋆×˜)n	Limit of nominal rate n when continuously compounded	Tacit	Monadic Function		Mathematical	interest
(¬2⊸|)j	j is Even	Tacit	Monadic Function		Mathematical	
(0⌈´⊢)n	Positive maximum, at least zero (even for empty n)	Tacit	Monadic Function		Mathematical	largest biggest
m0(+≍-)n0	m0±n0	Tacit	Dyadic Function		Mathematical	plusminus
m0(-≍+)n0	m0∓n0	Tacit	Dyadic Function		Mathematical	minusplus
x0(⥊≍⎉0)y1	Insert x0 after each element of y1	Tacit	Dyadic Function		Structural	cell item
x1(⥊≍⎉0)y1	Merge equal-length lists x1 and y1 alternately	Tacit	Dyadic Function		Structural	zipping merge interweave interweaving interleave interleaving shuffle shuffling meshing lists zip()
(1‿¯1×<)n	±n by juxtaposition	Tacit	Monadic Function		Mathematical	plusminus
(¯1‿1×<)n	∓n by juxtaposition	Tacit	Monadic Function		Mathematical	minusplus
(1+2×↕)j0	Odd integers from 1 to 2×j0	Tacit	Monadic Function		Mathematical	numbers 1st
(↕¯1↑≢)y	Indices for trailing axes of y	Tacit	Monadic Function		Array Properties	shape dimension ending
x(⌈´⊐)y	Index of last occurrence in x of any major cell of y	Tacit	Dyadic Function		Index Generation	element find locate location indexin indexof positionof locating cells items
x(⌊´⊐)y	Index of first occurrence in x of any major cell of y	Tacit	Dyadic Function		Index Generation	element find locate 1st location indexin indexof positionof locating cells items
10⊸(⋆⁼)n	Common logarithm	Tacit	Monadic Function		Mathematical	log() log-10 log10() 10-log₁₀() lg() lg-10 lg10() 10-lg₁₀()
(⍉≡+)n2	Is n2 a Hermitian matrix?	Tacit	Monadic Function		Mathematical	testif Hermitian? self-adjoint? selfadjoint? Yᴴ y† Aᴴ a†
(-≡⍉)y2	Is y2 an anti-symmetric matrix?	Tacit	Monadic Function		Array Properties	testif antisymmetric skewsymmetric skew-symmetric
(⊑0⥊<)y	Type (convert to fill element)	Tacit	Monadic Function		Array Properties	prototype ⍷ datatypeof 0s zeroes spaces blanks zeros falses falsehoods
(⊑0⊸⥊)y	Fill element (converts characters to spaces, numbers to zeros)	Tacit	Monadic Function		Array Properties	fillelement padding 0s zeroes type cell item blanks falses falsehoods
m(π××)n	Area of cone with height m and radius n (excluding base)	Tacit	Dyadic Function		Circular/Trigonometric	lengths bottom
⊐⟜' '⎉1 d	Indices of first blanks in rows of array d	Tacit	Monadic Function		Index Generation	1st spaces row-wise rowwise text horizontally
x0+´∘⥊∘=y	Number of occurrences of atom x0 in array y	Tacit	Dyadic Function		Comparison	count tally
c⊑∘∊˜⟜<d1	Is string d1 a member of list of strings c	Tacit	Dyadic Function		Index Generation	isin membership containedin has vtv vector
≠¨∘⊔∘⊐y	Count of occurrences of each unique major cell	Tacit	Monadic Function		Mathematical	elements items how many repetitions times repeated
≠¨∘⊔∘⊐y	Frequencies of major cells	Tacit	Monadic Function		Mathematical	occurrences statistics items elements
(0=≠∘⥊)y	Is y an Empty Array?	Tacit	Monadic Function		Structural	testif isempty? isvoid? isnull?
i0↑⟜(⥊⟜1)j0	Prefix List: length i0 with j0 ones on the left, the rest zeroes	Tacit	Dyadic Function		Boolean/Logical	1s 0s zeros Is𝕨Js falses falsehoods trues truths
(+´÷≠)n	Arithmetic mean of n	Tacit	Monadic Function		Mathematical	average arithmeticmean() AM() avg() mean()
(×´1↓≢)y	Number of elements in major cells	Tacit	Monadic Function		Array Properties	shape items
(×´¯1↓≢)y	Number of rows (1-cells) in array y	Tacit	Monadic Function		Array Properties	list
(3÷˜×´)n1	Volume of pyramid with height, width, length n1	Tacit	Monadic Function		Mathematical	lengths sides
(⊢-⌊˝)n	Normalise n so that minimum value is 0	Tacit	Monadic Function		Mathematical	normalize zero smallest least cell element
(⊢÷+˝)n	Normalise n so that sum is 1	Tacit	Monadic Function		Mathematical	normalize one
(+˝÷≠)n	Column-wise arithmetic mean of n	Tacit	Monadic Function		Mathematical	average arithmeticmean() AM() avg() mean()
(⌊≍1⊸|)n0	Integral and fractional part of positive number	Tacit	Monadic Function		Mathematical	parts split whole decimals
(⥊˜0⊸≍)j0	Initialise a table with j0 columns and no rows	Tacit	Monadic Function		Structural	table
x1(⥊∾⎉1‿0)y1	Insert x1 before every element of y1	Tacit	Dyadic Function		Structural	merge cell item
(×´1+↕)i0	Factorial	Tacit	Monadic Function		Mathematical	countpermutations exclamation bang shriek combinatorics fact() gamma() Γ
i(⌊1+⋆⁼)j	Length to represent j in base i	Tacit	Dyadic Function		Mathematical	width representation required digits positions
(1=⊒)⊸/y	Distinct major cells that appear at least twice	Tacit	Monadic Function		Sets	duplicated duplicates nonunique items elements
⍉∘>x1‿y1‿…	n-column table from n lists	Tacit	Monadic Function		Structural	transpose columns table lists
(2×π)⊸×n	Circumference of circle with radius n	Tacit	Monadic Function		Circular/Trigonometric	edge length
(π÷180)⊸×n	n Degrees in Radians	Tacit	Monadic Function		Circular/Trigonometric	
(π×⋆⟜2)n	Area of circle with radius n	Tacit	Monadic Function		Circular/Trigonometric	length
' '⊸≠⊸/d1	Remove blanks in string	Tacit	Monadic Function		Text	deletespaces spaces drop without
x⊑∘/∘¬∘∊y	Position of first element in x not in y	Tacit	Dyadic Function		Index Generation	cell element 1st
i0(×⥊⊢↑1˙)j0	Starting points for i0 fields of width j0	Tacit	Dyadic Function		Boolean/Logical	segmented partitioned vector starts beginnings list
(××⌊∘|)n	Round towards zero	Tacit	Monadic Function		Mathematical	0 truncate whole number integer int() trunc() chop clamp
m(≤∘|×⊢)n	Round to zero values of n within m of zero	Tacit	Dyadic Function		Mathematical	precision fuzz 0
(2⊸⋆+¯1⊸⋆)j0	Jacobsthal-Lucas number	Tacit	Monadic Function		Mathematical	sequence Édouard Edouard Ernst j(n) A014551() A14551()
i0(×⟜≠⥊⊢)y1	Duplicate list y1 i0 times	Tacit	Dyadic Function		Structural	copying extending recycling recycle list
(¬∨´∘⥊)b	Not Any	Tacit	Monadic Function		Boolean/Logical	none notany
(¬∧´∘⥊)b	Not all true?	Tacit	Monadic Function		Boolean/Logical	notall somenot all?
x⊣⌾(b1⊸/)˜y	Mask Operator: Merge x and y using b1 (1 for x's element, 0 for y1's element)	Tacit	Dyadic Function	1-modifier	Structural	zipping merging interweave interweaving interleave interleaving shuffle shuffling meshing alternative choose indicate masking indicating elements items major cells bitmask bit-mask
x1(⥊∾⎉0‿1˜)y1	Insert x1 after every element of y1	Tacit	Dyadic Function		Structural	merge cell item
∾⟜(1¨∘⊏)y	Append a row of 1s	Tacit	Monadic Function		Structural	ones trues truths
x(¬∘∊/⊢)y	x without major cells that appear in y	Tacit	Dyadic Function		Sets	butnot except setdifference setsubtraction setminus ∖ removing remove delete drop
(»⊸<∨`)b	Turn off all 1s after first 1 (indicate only the first 1)	Tacit	Monadic Function		Boolean/Logical	indicating flipping turning change changing inverting negating bitmask bit-mask zeros zeroes falses ones trues truths falsehoods 1st mask
(»⊸≤∧`)b	Turn on all 0s after first 0 (indicate all elements except the first 0)	Tacit	Monadic Function		Boolean/Logical	indicating flipping turning change changing inverting negating bitmask bit-mask zeros zeroes falsehoods 1st mask not
x(≠∘⊣>⊒)y	Progressive member of (∊) without replacement	Tacit	Dyadic Function		Sets	isin membership containedin hascorresponding mathcingmemberof PDE remove
x(≠¨⍋⊔⊢)y	Distribution of y into intervals with cut-offs x	Tacit	Dyadic Function		Mathematical	bins groups ranges buckets
m +˝∘×⎉1‿∞ n	Dot/Vector/Cross/Matrix Product of m and n (¯1↑m ↔ 1↑≢n)	Tacit	Dyadic Function		Mathematical	dotproduct vectorproduct crossproduct ∙ ⋅ · multiplication multiply
m -˝∘×⎉1‿∞ n	Alternating Matrix Product of m and n (¯1↑m ↔ 1↑≢n)	Tacit	Dyadic Function		Mathematical	
a2 ∨˝∘∧⎉1‿∞ b2	Extend a transitive binary relation	Tacit	Dyadic Function		Boolean/Logical	extension base-2 base2
m2 ⌊˝∘+⎉1‿∞ n2	Extend a distance table to next leg	Tacit	Dyadic Function		Mathematical	extension matrix
i2 <¨⊸⊏⎉¯1‿∞ y	Select: each row of i2 selects a cell from y	Tacit	Dyadic Function		Selection	rightshoeunderbar saneindexing ⊇ items elements index
x0(1↓·⥊∾˘)y2	Table to list using x0 as delimiter	Tacit	Dyadic Function		Structural	vectorise vectorize serialise serialize list table
(2×·↕1⊸+)j0	Even integers from 0 to 2×j0	Tacit	Monadic Function		Mathematical	numbers 1st
' '⊸≠⊸/¨d	Remove blanks in each string	Tacit	Monadic Function		Text	deletespaces spaces drop without
⌈´⊸=∘⊒⊸/y	Modes: Most frequent major cells of data	Tacit	Monadic Function		Set	average items elements
1⊸(↑≍○<↓)y	First element (as list) and remaining elements	Tacit	Dyadic Function		Structural	headtail split divide separate dividing leading
x2⊣∾⊏⊸(⊢¨)y0	Append unit to each column of table	Tacit	Dyadic Function		Structural	vertically ontop atop extend with over merge join concatenate columns table
/○⥊⟜(↕≢)b2	List of arcs from adjacency matrix b2	Tacit	Monadic Function		Mathematical	connections table directed graph vector
x(⍋∘∊˜⊏⊢)y	Move cells x to end of y	Tacit	Dyadic Function		Sets	major cells elements trailing ending
x1(+´¨⊐⊸⊔)n1	Sum n1 by buckets x1 (≢n1 ↔ ≢x1)	Tacit	Dyadic Function		Mathematical	groups classify bins
(π×4÷3÷⋆⟜3)n	Volume of sphere with radius n	Tacit	Monadic Function		Circular/Trigonometric	length ball
(∧˝' '⊸=)d	Mask for blank columns	Tacit	Monadic Function		Boolean/Logical	spaces empty filter indicate masking indicating blanks bitmask bit-mask
i0(|⟜↕⟜≠⊔⊢)y	Distribute major cells of y into i0 groups round-robin	Tacit	Dyadic Function		Structural	unzip elements items deal
(∧˝⎉1' '⊸=)d	Mask for blank rows	Tacit	Monadic Function		Boolean/Logical	spaces empty filter indicate masking indicating blanks bitmask bit-mask
(∨`⎉1' '⊸≠)d	Locate leading blanks	Tacit	Monadic Function		Boolean/Logical	spaces beginning mask indicate indications start bitmask bit-mask
(<⌜˜↕∘≠)⊸×m2	Extract the upper triangular part of the matrix m2 without main diagonal	Tacit	Monadic Function		Mathematical	make strict triangle northeast north east north-east
(>⌜˜↕∘≠)⊸×m2	Extract the lower triangular part of the matrix m2 with main diagonal	Tacit	Monadic Function		Mathematical	make triangle southwest south west south-west
(>⌜˜↕∘≠)⊸×m2	Extract the lower triangular part of the matrix m2 without main diagonal	Tacit	Monadic Function		Mathematical	make strict triangle southwest south west south-west
(≤⌜˜↕∘≠)⊸×m2	Extract the upper triangular part of the matrix m2 with main diagonal	Tacit	Monadic Function		Mathematical	make triangle northeast north east north-east
(<⌜˜↕∘≠)⊸≡b2	Is b2 a full upper triangular matrix without diagonal?	Tacit	Monadic Function		Boolean/Logical	testif triangle NE northeast north-east table triangular? remove strict
(>⌜˜↕∘≠)⊸≡b2	Is b2 a full lower triangular matrix without diagonal?	Tacit	Monadic Function		Boolean/Logical	testif triangle SW southwest south-west table triangular? remove strict
(≤⌜˜↕∘≠)⊸≡b2	Is b2 a full upper triangular matrix with diagonal?	Tacit	Monadic Function		Boolean/Logical	testif triangle NE northeast north-east table triangular?
(≥⌜˜↕∘≠)⊸≡b2	Is b2 a full lower triangular matrix with diagonal?	Tacit	Monadic Function		Boolean/Logical	testif triangle SW southwest south-west table triangular?
⊏⟜("0A"+⟜↕¨10‿26)j	Translate digits to characters (bases 2 through 36)	Tacit	Monadic Function		Data Conversion	base-2 base2 binary Boolean base16 base-16 hexadecimal base36 base-36 letters 0123456789abcdef converting change changing
(∧`·∧˝' '⊸=)d2	Locate leading blank columns	Tacit	Monadic Function		Boolean/Logical	spaces beginning masking indicate indications allspace all-space start blanks
(∧`·∧˝' '⊸=)d2	Locate leading blank rows	Tacit	Monadic Function		Boolean/Logical	spaces beginning masking indicate indications allspace all-space lines start blanks
x(∾○(↕≠)⍋⊸⊏∾)y	Merge x and y alternately	Tacit	Dyadic Function		Structural	zipping merging interweave interweaving interleave interleaving shuffle shuffling meshing
(∨≠¨⊸(≍˘)∘⊔)y	Sorted frequency table	Tacit	Monadic Function		Mathematical	matrix
a1+`⊸(⊏˜⍋⊸⊏⊢)⟜⍋y	Grade up (⍋) for sorting subarrays of y indicated by a1	Tacit	Dyadic Function		Index Generation	sub-arrays sub-vectors subvectors substrings sub-strings
a1+`⊸(⊏˜⍋⊸⊏⊢)⟜⍒y	Grade down (⍒) for sorting subarrays of y indicated by a1	Tacit	Dyadic Function		Index Generation	sub-arrays sub-vectors subvectors substrings sub-strings
i0(⌊∘×⟜(↕⊸÷≠)⊔⊢)y	Distribute major cells of y into i0 slices as evenly as possible	Tacit	Dyadic Function		Structural	unzip elements items deal
(⊏∘⊑˘·(⌈´⊸=≠¨)⊸/⊐⊸⊔)y	Modes: Most frequent major cells of data	Tacit	Monadic Function		Set	average items elements
(" ⎕"⊏˜·>⌜⟜(↕⌈´)≠¨∘⊔)j1	Histogram (distribution barchart, down the page)	Tacit	Monadic Function		Mathematical	
(-·+´2(⋆⁼×⊢)(≠¨⊔∘⊐)÷≠)y	Shannon entropy of array 𝕩	Tacit	Monadic Function		Mathematical	informationtheory text message string
mantEexp	Scaled Notation	Syntax	Array		Expression	exponent timestento mantissa
realIimag	Complex Notation	Syntax	Array		Expression	plusitimes imaginary
¯	Negative number indicator	Syntax	Array		Expression	macron highminus minus indicate sign masking indicating
name←y	Define	Syntax	Dyadic Function		Expression	leftarrow gets is copula let define naming denotes means
name F↩y	Modify: change name to name F y	Syntax	Dyadic Function	1-modifier	Expression	leftarrow gets is copula let redefine naming denotes means inplace update
name↩y	Change definition	Syntax			Expression	inplace replace value reassignment re-assignment reassigning re-assigning
⋄	Statement Separator	Syntax			Expression	diamond statementseparator break stop else then
,	Statement Separator	Syntax			Expression	diamond statementseparator break stop else then
#	Comment symbol (disables rest of line)	Syntax			Expression	commentout lamp ignore skip note nb
int.frac	Decimal Point	Syntax	Array		Expression	period rational
'	Character delimiter	Syntax	Array		Expression	quote apostrophe string text
"	String delimiter	Syntax	Array		Expression	quote apostrophe string text "
∞	Negative infinity	Constant			Expression	lower limit -∞ ¯∞ ¯¯ negativeinfinity -∞
¯∞	Positive infinity	Constant			Expression	upper limit ∞ ∞ ¯ negativeinfinity ∞
@+0	Null character (NUL)	Constant	Expression		Text	\0 ^@ U+00 0x00h \u00 ≢00
@+10	Line Feed (LF)	Constant	Expression		Text	\n ^j U+0D 0x0Ah \u0A ≢0A newline linefeed
@+11	Vertical Tab character (VT)	Constant	Expression		Text	\v ^K U+00 0x00h \u00 ≢00 tabulation
@+12	Form Feed character (FF)	Constant	Expression		Text	\F ^L U+00 0x00h \u00 ≢00
@+127	Delete character (DEL)	Constant	Expression		Text	\e ^[ U+0A 0x0Dh \u0D ≢0D carriagereturn
@+13	Carriage Return character (CR)	Constant	Expression		Text	\r ^m U+0D 0x0Dh \u0D ≢0D carriagereturn
@+26	End-Of-File character (EOF)	Constant	Expression		Text	SUB ^z U+0A 0x0Dh \u0D ≢0D carriagereturn
@+27	Escape character (ESC)	Constant	Expression		Text	\e ^[ U+0A 0x0Dh \u0D ≢0D carriagereturn
@+7	Bell character (BEL)	Constant	Expression		Text	\a ^G U+07 0x07h \u07 ≢07 beep
@+8	Backspace character (BS)	Constant	Expression		Text	\b ^H U+08 0x08h \u08 ≢08
@+9	Horizontal Tab character (HT)	Constant	Expression		Text	\t ^i U+00 0x00h \u00 ≢00 tabulation
⊢name←y	Define, and print if in the session	Syntax			Expression	passthroughvalue yieldassignment
name∾↩y	Fast: 'name' redefined to be its value with y catenated along its first axis				Expression	amend append extend accumulate concatenate dimension 1st
𝕨	Block left argument	Syntax	Array		Expression	alpha leftarg α ɑ alfa larg
𝕨	Optional left argument in header	Syntax			Definition	curlybraces function operator default ambivalent variadic traditional ambivalence header
𝕩	Block right argument	Syntax	Array		Expression	omega rightarg ω ꞷ rarg
𝔽	Block modifier left operand	Syntax	Array, Monadic Function, Dyadic Function		Expression	alpha leftop
𝔾	Block modifier right operand	Syntax	Array, Monadic Function, Dyadic Function		Expression	omega rightop
𝕊	Function self-reference	Syntax	Ambivalent Monadic Function, Dyadic Function		Expression	del recurse triangledown downtriangle carrot
𝕣	Modifier self-reference	Syntax	Ambivalent Monadic Function, Dyadic Function	1-modifier;2-modifier	Expression	deldel recurse triangledown downtriangle carrot
(F G H)y	Fork: (F y)G(H y)	Syntax	Monadic Function	Train	Expression	pointwise tacit roundparentheses roundparens grouping derived fgh 3train 3-train
(F G)y	Atop: F G y	Syntax	Monadic Function	Train	Expression	tacit roundparentheses roundparens grouping derived fg 2train 2-train
(x G H)y	Fork: x G H y	Syntax	Monadic Function	Train	Expression	pointwise tacit roundparentheses roundparens grouping derived Agh 3train 3-train
x(F G H)y	Fork: (x F y)G(x H y)	Syntax	Dyadic Function	Train	Expression	pointwise tacit roundparentheses roundparens grouping derived fgh 3train 3-train
x(F G)y	Atop: F x G y	Syntax	Dyadic Function	Train	Expression	tacit roundparentheses roundparens grouping derived fg 2train 2-train
x(z G H)y	Fork: z G x H y	Syntax	Dyadic Function	Train	Expression	pointwise tacit roundparentheses roundparens grouping derived Agh 3train 3-train
2×π	tau (2 pi)	Constant	Expression		Circular/Trigonometric	Palais'circleconstant Palais'constant Palaisconstant 6.283185307179586476925286766559006 τ 𝜏
@+13‿10	Carriage Return-Line Feed pair (CRLF)	Constant	Expression		Text	\r\n U+0DU+0A 0x0D0x0A \u0D\u0A ≢0D≢0A enter linebreak windows
𝕊→	Return: Leave function and return to caller	Syntax	Monadic Function		Expression	rightarrow :Return
⌊0.5+n	Round to nearest integer	Expression			Mathematical	int()
'''	Quote character	Constant	Expression		Text	apostrophe ’ U+27 0x27 ≢27 quotationmark prime singlequoted in string symbol escape literal
2÷˜1+√5	Golden ratio (direct formula)	Constant	Expression		Mathematical	phi φ ϕ ɸ 1.618033988749894848204586834365638 0.618033988749894848204586834365638
@+31↓↕126	Printable ASCII	characters	Expression		Text	characters
(x+y)×z	Precedence: z×x+y	Syntax			Expression	roundparentheses grouping roundparens
x‿(y‿z)	Stranding: ⟨x,⟨y,z⟩⟩	Syntax			Expression	roundparentheses roundparens grouping nestedarraynotation nestedvectornotation
⟨name1,name2⟩←y	Multiple assignment				Expression	leftarrow get are copula let define list naming denote mean unpacking distributing distribution vector distributed pervasive pervading pervade unpacking unpacked
>x1‿y1‿…	n-row table from n vectors	Syntax	Monadic Function		Structural	rows table lists
'0'+↕10	The digits from 0 to 9	Constant	Expression		System Function	123456789 numbers arabicnumerals 0-9 0123456789
'a'+↕26	The letters from a to z	Constant	Expression		System Function	abcdefghijklmnopqrstuvwxyz latinalphabet englishletters uppercase a-z ABCDEFGHIJKLMNOPQRSTUVWXYZ
F←{𝕨}	Prototypical dyadic block function	Syntax	Dyadic Function		Definition	direct dynamic lambda anonymous curlybraces assignment header defining
F←{𝕩}	Prototypical monadic block function	Syntax	Monadic Function		Definition	direct dynamic lambda anonymous curlybraces assignment header defining
name1‿name2⌽∘⊣↩@	Swap variable values				Expression	leftarrow get are copula let redefine redefining list renaming denote mean unpacking redistributing redistribution vector exchange exchanging swapping variables
(1˙𝕨)⊣0	Was this block function called monadically?			Function Application	Expression	arity ambivalent ambivalence variadic leftargument 900⌶ monadic?
(+˝∧`)⎉1 b	Number of leading 1s in each row of b	Expression			Boolean/Logical	ones trues truths start beginning
_op←{𝔽𝕨}	Prototypical block 1-modifier deriving dyadic functions	Syntax	Dyadic Function	1-modifier	Definition	direct dynamic lambda anonymous curlybraces assignment header defining
_op←{𝔽𝕩}	Prototypical block 1-modifier deriving monadic functions	Syntax	Monadic Function	1-modifier	Definition	direct dynamic lambda anonymous curlybraces assignment header defining
_op_←{𝔾𝕨}	Prototypical block 2-modifier deriving dyadic functions	Syntax	Dyadic Function	2-modifier	Definition	direct dynamic lambda anonymous curlybraces assignment header defining
_op_←{𝔾𝕩}	Prototypical block 2-modifier deriving monadic functions	Syntax	Monadic Function	2-modifier	Definition	direct dynamic lambda anonymous curlybraces assignment header defining
x{𝔽𝔾⊢}y	Church Boolean AND	Block modifier	Dyadic Function	2-modifier	Boolean/Logical	∧ conjunction caret wedge hat circumflex Kpq
x{⊣𝔽𝔾}y	Church Boolean OR	Block modifier	Dyadic Function	2-modifier	Boolean/Logical	∨ disjunction vel alternation Caron hacek invertedcircumflex checkmark hachek Apq
x{𝔽𝔾⊣}y	Church Boolean Converse Implication	Block modifier	Dyadic Function	2-modifier	Boolean/Logical	≥ because ∵ ⇐ if converseconditional Bpq reverseimplying
x{𝔾𝔽⊣}y	Church Boolean Implication	Block modifier	Dyadic Function	2-modifier	Boolean/Logical	≤ materialconditional materialconsequence implies implying materialimplication therefore ∴ ⇒ Cpq
x{𝕨⌾⊏𝕩}y	Replace first major cell of y with x	Block function	Monadic Function	1-modifier	Structural	substitute merge amend replace update 1st item element
F{⊐⊏𝔽∘⍷}y	Apply deterministic cell-wise F to cells of y, avoiding extra calls for duplicate cells	Block modifier	Monadic Function	1-modifier	Function Application	performance memoisation memoization quick speed
x{⊢𝔽𝔾˜}y	Church Boolean NOR	Block modifier	Dyadic Function	2-modifier	Boolean/Logical	⍱ peirce'sarrow quine'sdagger ampheck neithernor jointdenial Xpq ⊽
x{𝔽˜𝔾⊢}y	Church Boolean Converse Nonimplication	Block modifier	Dyadic Function	2-modifier	Boolean/Logical	< ⇍ Mpq
x{𝔾˜𝔽⊢}y	Church Boolean Nonimplication	Block modifier	Dyadic Function	2-modifier	Boolean/Logical	> abjunction ⇏ not butnot Lpq
x{𝔽˜𝔾⊣}y	Church Boolean NAND	Block modifier	Dyadic Function	2-modifier	Boolean/Logical	⍲ shefferstroke notand andtilde carettilde alternativedenial Dpq ⊼
(↕2)∾⌜⍟2<⟨⟩	Unit square	Constant	Expression		Mathematical	
(↕2)∾⌜⍟3<⟨⟩	Unit cube	Constant	Expression		Mathematical	
(↕2)∾⌜⍟4<⟨⟩	Unit tesseract	Constant	Expression		Mathematical	
c{𝕨⊸⊐⌾<𝕩}d1	Position of first occurrence of string d1 in list of strings c	Block function	Dyadic Function		Index Generation	indexin indexof vtv vector 1st
{𝕩𝕊⍟≠1+÷𝕩}1	Golden ratio (as a limit)	Constant	Expression		Mathematical	phi φ ϕ ɸ 1.618033988749894848204586834365638 0.618033988749894848204586834365638
1⌽∾˜9⥊"""1⌽∾˜9⥊"""	An expression giving itself	Constant			Text	quine
